{
  "rmse": 1.4631427156916261,
  "mae": 1.2264131944444407,
  "r2": 0.8754639412363121,
  "target": "Pts",
  "n_train": 544,
  "n_test": 96
}