{
  "rmse": 1.4631427156916268,
  "mae": 1.2264131944444412,
  "r2": 0.875463941236312,
  "target": "Pts",
  "n_train": 544,
  "n_test": 96
}