{
  "target": "TotalYds",
  "metrics": {
    "rmse": 6.627647117553311,
    "mae": 4.341937499999926,
    "r2": 0.9624408777382264,
    "target": "TotalYds",
    "n_train": 544,
    "n_test": 96
  },
  "top_rf": {
    "YdsPerPlay": 0.5891601450837468,
    "FirstDowns": 0.27842148076103607,
    "Ply": 0.04964622514379038,
    "PassYds": 0.04678324410849899,
    "NY/A": 0.007585446550872516,
    "RushYds": 0.004138638183285305,
    "Pts": 0.003465060332308077,
    "PassFirstDowns": 0.0025725794790460005,
    "RushFirstDowns": 0.001784314138864559,
    "EXP": 0.0013759647990131112,
    "Y/A": 0.0013435577939597276,
    "PenYds": 0.0013084207487408638,
    "ScorePct": 0.0012279466501682083,
    "Att": 0.0012081130045479322,
    "Cmp": 0.0011977152335998767,
    "RushAtt": 0.0011913302170270977,
    "FirstDownByPen": 0.0011395131849505106,
    "Pen": 0.0010557376096679547,
    "RushTD": 0.0010447172536190302,
    "FL": 0.0010391296080815232,
    "TD": 0.0009979057087785824,
    "TO": 0.0007892935951497518,
    "TurnoverPct": 0.0007674603264023972,
    "Int": 0.0006659372548302868,
    "G": 9.012323001447176e-05
  },
  "top_perm": {
    "YdsPerPlay": 0.8178520840132013,
    "FirstDowns": 0.14710922422138276,
    "Ply": 0.10411261686458113,
    "PassYds": 0.007792487594325814,
    "RushYds": 0.003111380086264881,
    "Pts": 0.0023999049507340553,
    "NY/A": 0.0022126610754218956,
    "Y/A": 0.0013384707246733795,
    "RushAtt": 0.0006460856111413337,
    "RushFirstDowns": 0.0005893674615758959,
    "RushTD": 0.0005258277390446486,
    "Cmp": 0.00043671572197122587,
    "TD": 0.0003305223506340327,
    "FirstDownByPen": 0.00028340431637920995,
    "PenYds": 0.0002465608492339233,
    "PassFirstDowns": 0.00024252871427081767,
    "FL": 0.00020090861198358568,
    "Pen": 4.223905464439959e-05,
    "G": 3.6596596155069607e-06,
    "TO": -1.773954294709279e-05,
    "Int": -2.003092559188513e-05,
    "Att": -3.5935927451102856e-05,
    "EXP": -5.5858839668732066e-05,
    "TurnoverPct": -7.202868318170185e-05,
    "ScorePct": -0.0003049325913146439
  }
}