{
  "target": "TotalYds",
  "metrics": {
    "rmse": 6.61573821869742,
    "mae": 4.398979166666659,
    "r2": 0.9625757328158425,
    "target": "TotalYds",
    "n_train": 544,
    "n_test": 96
  },
  "top_rf": {
    "YdsPerPlay": 0.5856152675250667,
    "FirstDowns": 0.28056616937332585,
    "Ply": 0.04944099830231022,
    "PassYds": 0.048346526169580344,
    "NY/A": 0.007628515605754396,
    "RushYds": 0.004221781122124887,
    "Pts": 0.0033974296560758416,
    "PassFirstDowns": 0.002408107658445894,
    "RushFirstDowns": 0.0016835446912475158,
    "Y/A": 0.0015148106450948197,
    "EXP": 0.001375271343497019,
    "PenYds": 0.001290707530635615,
    "Att": 0.0012864024577714705,
    "ScorePct": 0.00128254670642601,
    "FirstDownByPen": 0.0011999670273565937,
    "RushAtt": 0.0011847826952143565,
    "Cmp": 0.0011743524389220866,
    "FL": 0.0010647254010143295,
    "Pen": 0.0010487814924223394,
    "RushTD": 0.0010069955836948098,
    "TD": 0.00099300279075939,
    "TurnoverPct": 0.0007625198414113069,
    "TO": 0.0007314862795067582,
    "Int": 0.0006768720759643155,
    "G": 9.843558637711082e-05
  },
  "top_perm": {
    "YdsPerPlay": 0.8242889770027091,
    "FirstDowns": 0.14516611522525574,
    "Ply": 0.10340424396061279,
    "PassYds": 0.007924535915857612,
    "RushYds": 0.0032746779275162675,
    "Pts": 0.0027311233544187186,
    "NY/A": 0.00255988181339204,
    "Y/A": 0.0015230782674576226,
    "RushAtt": 0.000734512361623163,
    "TD": 0.0005376007132627314,
    "Cmp": 0.00046908652699005903,
    "RushTD": 0.00039838906369119573,
    "RushFirstDowns": 0.0003885088061390318,
    "PassFirstDowns": 0.00027499511420919776,
    "FL": 0.00024351313206294467,
    "FirstDownByPen": 0.00021099550088640173,
    "Pen": 0.00011550358640849412,
    "PenYds": 8.886294273435791e-05,
    "Att": 8.673046554582564e-05,
    "Int": 6.485130556126429e-05,
    "G": -1.8698366191727268e-06,
    "TO": -4.2164411126932586e-05,
    "TurnoverPct": -5.4410155609163625e-05,
    "EXP": -0.00018949748825135558,
    "ScorePct": -0.0001913951573643824
  }
}