{
  "target": "Pts",
  "metrics": {
    "rmse": 1.4631427156916263,
    "mae": 1.226413194444441,
    "r2": 0.8754639412363121,
    "target": "Pts",
    "n_train": 544,
    "n_test": 96
  },
  "top_rf": {
    "ScorePct": 0.7812048972989744,
    "TD": 0.07361265629006553,
    "TotalYds": 0.033812207341783355,
    "RushTD": 0.025147509570508927,
    "NY/A": 0.009392805921216817,
    "RushAtt": 0.007601842193649214,
    "EXP": 0.006572354882943911,
    "RushYds": 0.00579157273841723,
    "FirstDowns": 0.004911231137321331,
    "TurnoverPct": 0.004764723647736537,
    "PenYds": 0.004598683800422233,
    "YdsPerPlay": 0.0043987619218607485,
    "Pen": 0.004334724682559714,
    "FirstDownByPen": 0.004023592032756975,
    "RushFirstDowns": 0.0037850721680723343,
    "PassYds": 0.0036343512962792065,
    "Ply": 0.003630380451778157,
    "FL": 0.0032164302303017123,
    "Cmp": 0.002811140977015338,
    "TO": 0.0025916244444435747,
    "Y/A": 0.0025504163338595644,
    "PassFirstDowns": 0.0024541576930808863,
    "Int": 0.0024245425183145684,
    "Att": 0.002246093222765549,
    "G": 0.0004882272038720897
  },
  "top_perm": {
    "ScorePct": 0.8397021184676824,
    "TD": 0.13495041911118794,
    "RushTD": 0.04215833872887835,
    "TotalYds": 0.0275106465128905,
    "RushAtt": 0.003749592816724301,
    "EXP": 0.0032949366695974812,
    "NY/A": 0.002896641637826747,
    "FirstDownByPen": 0.0014170622031315916,
    "RushFirstDowns": 0.0013459625886016791,
    "Ply": 0.000522511539240944,
    "TO": 0.0005076717708415556,
    "YdsPerPlay": 0.000494591891674423,
    "PassYds": 0.0004600244613749638,
    "FL": 0.0003834187368983,
    "G": 0.00013280060566618347,
    "PenYds": 0.00012196349907027671,
    "Att": -7.824416571011738e-06,
    "FirstDowns": -0.00017223539552826405,
    "Pen": -0.0003282659374670316,
    "TurnoverPct": -0.00045970455175183835,
    "Y/A": -0.0006243721620049602,
    "Int": -0.0006459928378234281,
    "PassFirstDowns": -0.0007615628524759388,
    "Cmp": -0.0011562312751064341,
    "RushYds": -0.002230392786879942
  }
}