{
  "model": "random_forest",
  "target": "Pts",
  "test_years": 3,
  "train_years": [
    2005,
    2006,
    2007,
    2008,
    2009,
    2010,
    2011,
    2012,
    2013,
    2014,
    2015,
    2016,
    2017,
    2018,
    2019,
    2020,
    2021
  ],
  "test_years_list": [
    2022,
    2023,
    2024
  ],
  "metrics": {
    "rmse": 1.3935256713736168,
    "r2": 0.8870329765810003
  },
  "n_train": 544,
  "n_test": 96
}